-- phpMyAdmin SQL Dump
-- version 3.5.1
-- http://www.phpmyadmin.net
--
-- Хост: 127.0.0.1
-- Время создания: Сен 28 2021 г., 13:26
-- Версия сервера: 5.5.25
-- Версия PHP: 5.3.13

SET SQL_MODE="NO_AUTO_VALUE_ON_ZERO";
SET time_zone = "+00:00";


/*!40101 SET @OLD_CHARACTER_SET_CLIENT=@@CHARACTER_SET_CLIENT */;
/*!40101 SET @OLD_CHARACTER_SET_RESULTS=@@CHARACTER_SET_RESULTS */;
/*!40101 SET @OLD_COLLATION_CONNECTION=@@COLLATION_CONNECTION */;
/*!40101 SET NAMES utf8 */;

--
-- База данных: `u1393764_default`
--

-- --------------------------------------------------------

--
-- Структура таблицы `fixed_kabinet`
--

CREATE TABLE IF NOT EXISTS `fixed_kabinet` (
  `ID` int(11) NOT NULL AUTO_INCREMENT,
  `kabinet` varchar(50) NOT NULL,
  `predmet` int(11) NOT NULL,
  PRIMARY KEY (`ID`),
  KEY `predmet` (`predmet`),
  KEY `kabinet` (`kabinet`) USING BTREE
) ENGINE=InnoDB  DEFAULT CHARSET=utf8 AUTO_INCREMENT=41 ;

--
-- Дамп данных таблицы `fixed_kabinet`
--

INSERT INTO `fixed_kabinet` (`ID`, `kabinet`, `predmet`) VALUES
(8, '102', 23),
(9, '103', 32),
(10, '104', 53),
(11, '105', 37),
(12, '106', 40),
(13, '107', 34),
(14, '108', 43),
(15, '201', 56),
(16, '202', 59),
(17, '203', 60),
(18, '204', 46),
(19, '204', 30),
(20, '206', 33),
(21, '207', 55),
(22, '208', 35),
(23, '209', 29),
(24, '301', 48),
(25, '302', 24),
(26, '303', 28),
(27, '305', 50),
(28, '306', 21),
(29, '307', 45),
(30, '308', 36),
(31, '309', 54),
(32, '310', 26),
(33, '202', 42),
(34, '309', 47),
(36, '100', 25),
(37, '302', 44),
(38, '207', 44),
(39, '309', 31),
(40, '202', 27);

-- --------------------------------------------------------

--
-- Структура таблицы `fixed_predmet`
--

CREATE TABLE IF NOT EXISTS `fixed_predmet` (
  `ID` int(11) NOT NULL AUTO_INCREMENT,
  `prepod` int(11) NOT NULL,
  `predmet` int(11) NOT NULL,
  PRIMARY KEY (`ID`),
  KEY `prepod` (`prepod`),
  KEY `predmet` (`predmet`)
) ENGINE=InnoDB  DEFAULT CHARSET=utf8 AUTO_INCREMENT=93 ;

--
-- Дамп данных таблицы `fixed_predmet`
--

INSERT INTO `fixed_predmet` (`ID`, `prepod`, `predmet`) VALUES
(62, 35, 56),
(64, 36, 47),
(67, 35, 61),
(68, 38, 21),
(69, 39, 23),
(70, 40, 24),
(71, 41, 25),
(72, 42, 26),
(73, 43, 27),
(75, 45, 28),
(76, 46, 29),
(77, 47, 30),
(78, 48, 31),
(79, 49, 33),
(80, 50, 34),
(81, 51, 35),
(82, 52, 36),
(83, 53, 37),
(84, 54, 38),
(85, 55, 40),
(86, 56, 43),
(87, 57, 44),
(88, 58, 45),
(89, 59, 47),
(90, 60, 32),
(91, 61, 42),
(92, 41, 43);

-- --------------------------------------------------------

--
-- Структура таблицы `groups`
--

CREATE TABLE IF NOT EXISTS `groups` (
  `ID` int(11) NOT NULL,
  `starosta` varchar(50) NOT NULL,
  `phone_star` varchar(16) NOT NULL,
  `sub_groups` tinyint(1) NOT NULL,
  PRIMARY KEY (`ID`)
) ENGINE=InnoDB DEFAULT CHARSET=utf8;

--
-- Дамп данных таблицы `groups`
--

INSERT INTO `groups` (`ID`, `starosta`, `phone_star`, `sub_groups`) VALUES
(611, 'Иванов Сергей Петрович', '89203365598', 1),
(711, 'Шконда Игорь Алексеевич', '89517658519', 0),
(721, 'Яловой Владимир Алексеевич', '89533365985', 0);

-- --------------------------------------------------------

--
-- Структура таблицы `kabinet`
--

CREATE TABLE IF NOT EXISTS `kabinet` (
  `ID` varchar(50) NOT NULL,
  PRIMARY KEY (`ID`)
) ENGINE=InnoDB DEFAULT CHARSET=utf8;

--
-- Дамп данных таблицы `kabinet`
--

INSERT INTO `kabinet` (`ID`) VALUES
('100'),
('102'),
('103'),
('104'),
('105'),
('106'),
('107'),
('108'),
('201'),
('202'),
('203'),
('204'),
('206'),
('207'),
('208'),
('209'),
('301'),
('302'),
('303'),
('305'),
('306'),
('307'),
('308'),
('309'),
('310');

-- --------------------------------------------------------

--
-- Структура таблицы `plan`
--

CREATE TABLE IF NOT EXISTS `plan` (
  `ID` int(11) NOT NULL AUTO_INCREMENT,
  `groups` int(11) NOT NULL,
  `year` int(11) NOT NULL,
  `predmet` int(11) NOT NULL,
  `semestr` int(11) NOT NULL,
  `lekcii` int(11) NOT NULL,
  `pz` int(11) NOT NULL DEFAULT '0',
  `lpz` int(11) NOT NULL DEFAULT '0',
  `zachet` int(11) NOT NULL DEFAULT '0',
  `ekzamen` int(11) NOT NULL DEFAULT '0',
  `pp` int(11) NOT NULL DEFAULT '0',
  `up` int(11) NOT NULL DEFAULT '0',
  PRIMARY KEY (`ID`),
  KEY `predmet` (`predmet`),
  KEY `groups` (`groups`)
) ENGINE=InnoDB  DEFAULT CHARSET=utf8 AUTO_INCREMENT=40 ;

--
-- Дамп данных таблицы `plan`
--

INSERT INTO `plan` (`ID`, `groups`, `year`, `predmet`, `semestr`, `lekcii`, `pz`, `lpz`, `zachet`, `ekzamen`, `pp`, `up`) VALUES
(1, 711, 2021, 42, 1, 15, 0, 0, 0, 0, 0, 0),
(2, 711, 2021, 33, 2, 8, 0, 0, 0, 0, 0, 0),
(3, 611, 2021, 40, 1, 21, 0, 0, 0, 0, 0, 0),
(4, 711, 2021, 34, 1, 2, 0, 0, 0, 0, 0, 0),
(14, 711, 2021, 32, 1, 17, 0, 0, 0, 0, 0, 0),
(15, 711, 2021, 25, 1, 10, 0, 0, 0, 0, 0, 0),
(16, 721, 2021, 32, 1, 26, 0, 0, 0, 0, 0, 0),
(17, 721, 2021, 42, 1, 19, 0, 0, 0, 0, 0, 0),
(18, 721, 2021, 43, 1, 11, 0, 0, 0, 0, 0, 0),
(19, 721, 2021, 28, 1, 14, 0, 0, 0, 0, 0, 0),
(20, 721, 2021, 30, 1, -3, 0, 0, 0, 0, 0, 0),
(21, 721, 2021, 34, 1, 20, 0, 0, 0, 0, 0, 0),
(22, 611, 2021, 32, 1, 21, 0, 0, 0, 0, 0, 0),
(23, 611, 2021, 42, 1, 30, 0, 0, 0, 0, 0, 0),
(24, 611, 2021, 36, 1, 20, 0, 0, 0, 0, 0, 0),
(25, 611, 2021, 34, 1, 13, 0, 0, 0, 0, 0, 0),
(26, 611, 2021, 25, 1, 0, 0, 0, 0, 0, 0, 0),
(27, 611, 2021, 37, 1, -1, 0, 0, 0, 0, 0, 0),
(28, 611, 2021, 43, 1, 16, 0, 0, 0, 0, 0, 0),
(29, 611, 2021, 35, 1, 15, 0, 0, 0, 0, 0, 0),
(30, 611, 2021, 34, 1, 13, 0, 0, 0, 0, 0, 0),
(31, 711, 2021, 37, 1, 35, 0, 0, 0, 0, 0, 0),
(32, 711, 2021, 40, 1, 1, 0, 0, 0, 0, 0, 0),
(33, 711, 2021, 44, 1, 4, 0, 0, 0, 0, 0, 0),
(34, 721, 2021, 26, 1, 7, 0, 0, 0, 0, 0, 0),
(35, 721, 2021, 47, 1, 0, 0, 0, 0, 0, 0, 0),
(36, 721, 2021, 30, 1, -3, 0, 0, 0, 0, 0, 0),
(37, 721, 2021, 31, 1, 1, 0, 0, 0, 0, 0, 0),
(38, 721, 2021, 29, 1, 6, 0, 0, 0, 0, 0, 0),
(39, 721, 2021, 27, 1, 0, 0, 0, 0, 0, 0, 0);

-- --------------------------------------------------------

--
-- Структура таблицы `predmet`
--

CREATE TABLE IF NOT EXISTS `predmet` (
  `ID` int(11) NOT NULL AUTO_INCREMENT,
  `title` varchar(150) NOT NULL,
  PRIMARY KEY (`ID`)
) ENGINE=InnoDB  DEFAULT CHARSET=utf8 AUTO_INCREMENT=62 ;

--
-- Дамп данных таблицы `predmet`
--

INSERT INTO `predmet` (`ID`, `title`) VALUES
(21, 'Основы философии'),
(23, 'Основы права'),
(24, 'Основы исследовательской деятельности'),
(25, 'Физическая культура'),
(26, 'Элементы высшей математики'),
(27, 'Теория вероятностей и математическая статистика'),
(28, 'Основы архитектуры, устройство и функционирование вычислительных систем'),
(29, 'Операционные системы'),
(30, 'Компьютерные сети'),
(31, 'Метрология, стандартизация, сертификация'),
(32, 'Русский язык'),
(33, 'Литература'),
(34, 'Иностранный язык'),
(35, 'Обществознание'),
(36, 'Химия'),
(37, 'Биология'),
(38, 'Основы безопасности жизнедеятельности'),
(40, 'География'),
(41, 'Экология'),
(42, 'Математика'),
(43, 'Информатика'),
(44, 'Физика'),
(45, 'Элементы математической логики'),
(46, 'Компьютерные сети'),
(47, 'Устройство и функционирование информационной системы'),
(48, 'Основы алгоритмизации и программирования'),
(50, 'Основы проектирования баз данных'),
(51, 'Технические средства информатизации'),
(52, 'Правовое обеспечение профессиональной'),
(53, 'Безопасность жизнедеятельности'),
(54, 'Эксплуатация информационной системы'),
(55, 'Методы и средства проектирования '),
(56, 'Информационные технологии и платформы'),
(58, 'Управление проектами'),
(59, 'История'),
(60, 'История мировых религий'),
(61, 'Сетевые технологии');

-- --------------------------------------------------------

--
-- Структура таблицы `prepod`
--

CREATE TABLE IF NOT EXISTS `prepod` (
  `ID` int(11) NOT NULL AUTO_INCREMENT,
  `FIO` varchar(50) NOT NULL,
  `phone` varchar(16) NOT NULL,
  PRIMARY KEY (`ID`)
) ENGINE=InnoDB  DEFAULT CHARSET=utf8 AUTO_INCREMENT=62 ;

--
-- Дамп данных таблицы `prepod`
--

INSERT INTO `prepod` (`ID`, `FIO`, `phone`) VALUES
(35, 'Шконда Игорь Анатольевич', '+79517658519'),
(36, 'Косинова Инна Ванцетовна', '89606300018'),
(37, 'Гетманова Валентина Леонидовна', '89523368952'),
(38, 'Ревин Алексей Михайлович', '84033452677'),
(39, 'Злобина Валентина Михайловна', '8875995183'),
(40, 'Кузнецова Арина Артёмовна', '8291568409'),
(41, 'Назаров Никита Даниилович', '84029970558'),
(42, 'Кузина Марьям Кирилловна', '838999252'),
(43, 'Богданова Александра Матвеевна', '871301499'),
(44, 'Хромова Ксения Ильинична', '89182536027'),
(45, 'Шарова Кира Васильевна', '8084865072'),
(46, 'Столяров Юрий Алексеевич', '8466015915'),
(47, 'Павлова Ксения Ильинична', '82179879015'),
(48, 'Фокина София Тимофеевна', '85819280111'),
(49, 'Старостина Лидия Вячеславовна', '80877793070'),
(50, 'Лаптева Ирина Артёмовна', '80508184993'),
(51, 'Крылова Светлана Александровна', '89123312492'),
(52, 'Котов Артём Артёмович', '82711891323'),
(53, 'Иванов Владислав Максимович', '86455895823'),
(54, 'Бортников Иван Иванович', '85963066567'),
(55, 'Васильева Вероника Егоровна', '87345286699'),
(56, 'Наумов Николай Даниилович', '80998926370'),
(57, 'Копылов Алексей Павлович', '89299555134'),
(58, 'Федоров Тимофей Тимурович', '85348051460'),
(59, 'Михайлов Андрей Даниэльевич', '80541075936'),
(60, 'Шарова Кира Васильевна', '82714518913'),
(61, 'Гусев Андрей Ильич', '85963066456');

-- --------------------------------------------------------

--
-- Структура таблицы `priority`
--

CREATE TABLE IF NOT EXISTS `priority` (
  `ID` int(11) NOT NULL AUTO_INCREMENT,
  `prepod` int(11) NOT NULL,
  `num_group` int(11) NOT NULL,
  `predmet` int(11) NOT NULL,
  `intensity` int(11) NOT NULL,
  PRIMARY KEY (`ID`),
  KEY `prepod` (`prepod`),
  KEY `group` (`num_group`),
  KEY `predmet` (`predmet`)
) ENGINE=InnoDB DEFAULT CHARSET=utf8 AUTO_INCREMENT=1 ;

-- --------------------------------------------------------

--
-- Структура таблицы `tab`
--

CREATE TABLE IF NOT EXISTS `tab` (
  `predmet` text NOT NULL,
  `prim` text NOT NULL,
  `ID` int(11) NOT NULL AUTO_INCREMENT,
  PRIMARY KEY (`ID`)
) ENGINE=InnoDB  DEFAULT CHARSET=utf8 AUTO_INCREMENT=13 ;

--
-- Дамп данных таблицы `tab`
--

INSERT INTO `tab` (`predmet`, `prim`, `ID`) VALUES
('', 'sssadasd', 1),
('', 'sssadasd', 2),
('', 'sssadasd', 3),
('', 'sssadasd', 4),
('', 'sssadasd', 5),
('', 'sssadasd', 6),
('', 'sssadasd', 7),
('', 'sssadasd', 8),
('', 'sssadasd', 9),
('', 'sssadasd', 10),
('', 'sssadasd', 11),
('', 'sssadasd', 12);

-- --------------------------------------------------------

--
-- Структура таблицы `tabel`
--

CREATE TABLE IF NOT EXISTS `tabel` (
  `ID` int(11) NOT NULL AUTO_INCREMENT,
  `date` varchar(20) NOT NULL,
  `time` varchar(50) NOT NULL,
  `groups` int(11) NOT NULL,
  `predmet` int(11) NOT NULL,
  `prepod` int(11) NOT NULL,
  `kabinet` varchar(50) NOT NULL,
  PRIMARY KEY (`ID`),
  KEY `time` (`time`),
  KEY `groups` (`groups`),
  KEY `predmet` (`predmet`),
  KEY `prepod` (`prepod`),
  KEY `kabinet` (`kabinet`)
) ENGINE=InnoDB  DEFAULT CHARSET=utf8 AUTO_INCREMENT=964 ;

--
-- Дамп данных таблицы `tabel`
--

INSERT INTO `tabel` (`ID`, `date`, `time`, `groups`, `predmet`, `prepod`, `kabinet`) VALUES
(732, '21.06.21', '8.00-9-35', 611, 35, 51, '208'),
(733, '21.06.21', '9.45-11.20', 611, 37, 53, '105'),
(734, '23.06.21', '8.00-9-35', 611, 35, 51, '208'),
(735, '22.06.21', '9.45-11.20', 611, 43, 41, '108'),
(736, '22.06.21', '8.00-9-35', 611, 36, 52, '308'),
(737, '23.06.21', '9.45-11.20', 611, 43, 41, '108'),
(738, '24.06.21', '8.00-9-35', 611, 34, 50, '107'),
(739, '25.06.21', '8.00-9-35', 611, 42, 61, '202'),
(740, '24.06.21', '9.45-11.20', 611, 43, 41, '108'),
(741, '26.06.21', '8.00-9-35', 611, 37, 53, '105'),
(742, '25.06.21', '9.45-11.20', 611, 32, 60, '103'),
(743, '26.06.21', '9.45-11.20', 611, 34, 50, '107'),
(744, '21.06.21', '8.00-9-35', 711, 33, 49, '206'),
(745, '21.06.21', '9.45-11.20', 711, 25, 41, '100'),
(746, '22.06.21', '9.45-11.20', 711, 37, 53, '105'),
(747, '23.06.21', '8.00-9-35', 711, 44, 57, '207'),
(748, '22.06.21', '8.00-9-35', 711, 34, 50, '107'),
(749, '23.06.21', '9.45-11.20', 711, 34, 50, '107'),
(750, '24.06.21', '8.00-9-35', 711, 33, 49, '206'),
(751, '24.06.21', '9.45-11.20', 711, 32, 60, '103'),
(752, '26.06.21', '8.00-9-35', 711, 42, 61, '202'),
(753, '25.06.21', '9.45-11.20', 711, 32, 60, '103'),
(754, '25.06.21', '8.00-9-35', 711, 33, 49, '206'),
(755, '26.06.21', '9.45-11.20', 711, 42, 61, '202'),
(756, '21.06.21', '8.00-9-35', 721, 26, 42, '310'),
(757, '21.06.21', '9.45-11.20', 721, 42, 61, '202'),
(758, '23.06.21', '8.00-9-35', 721, 43, 41, '108'),
(759, '22.06.21', '8.00-9-35', 721, 26, 42, '310'),
(760, '22.06.21', '9.45-11.20', 721, 47, 59, '309'),
(761, '23.06.21', '9.45-11.20', 721, 32, 60, '103'),
(762, '24.06.21', '9.45-11.20', 721, 30, 47, '204'),
(763, '25.06.21', '8.00-9-35', 721, 47, 59, '309'),
(764, '25.06.21', '9.45-11.20', 721, 27, 43, '202'),
(765, '24.06.21', '8.00-9-35', 721, 30, 47, '204'),
(766, '21.06.21', '8.00-9-35', 611, 35, 51, '208'),
(767, '21.06.21', '9.45-11.20', 611, 37, 53, '105'),
(768, '22.06.21', '9.45-11.20', 611, 40, 55, '106'),
(769, '22.06.21', '8.00-9-35', 611, 32, 60, '103'),
(770, '23.06.21', '8.00-9-35', 611, 36, 52, '308'),
(771, '23.06.21', '9.45-11.20', 611, 34, 50, '107'),
(772, '24.06.21', '9.45-11.20', 611, 34, 50, '107'),
(773, '24.06.21', '8.00-9-35', 611, 36, 52, '308'),
(774, '25.06.21', '8.00-9-35', 611, 36, 52, '308'),
(775, '25.06.21', '9.45-11.20', 611, 34, 50, '107'),
(776, '26.06.21', '8.00-9-35', 611, 43, 41, '108'),
(777, '26.06.21', '9.45-11.20', 611, 32, 60, '103'),
(778, '21.06.21', '8.00-9-35', 711, 34, 50, '107'),
(779, '22.06.21', '8.00-9-35', 711, 40, 55, '106'),
(780, '21.06.21', '9.45-11.20', 711, 34, 50, '107'),
(781, '22.06.21', '9.45-11.20', 711, 42, 61, '202'),
(782, '23.06.21', '8.00-9-35', 711, 44, 57, '207'),
(783, '23.06.21', '9.45-11.20', 711, 25, 41, '100'),
(784, '25.06.21', '9.45-11.20', 711, 34, 50, '107'),
(785, '25.06.21', '8.00-9-35', 711, 44, 57, '207'),
(786, '24.06.21', '9.45-11.20', 711, 42, 61, '202'),
(787, '24.06.21', '8.00-9-35', 711, 25, 41, '100'),
(788, '26.06.21', '8.00-9-35', 711, 42, 61, '202'),
(789, '26.06.21', '9.45-11.20', 711, 32, 60, '103'),
(790, '22.06.21', '8.00-9-35', 721, 34, 50, '107'),
(791, '21.06.21', '8.00-9-35', 721, 26, 42, '310'),
(792, '21.06.21', '9.45-11.20', 721, 30, 47, '204'),
(793, '22.06.21', '9.45-11.20', 721, 28, 45, '303'),
(794, '23.06.21', '8.00-9-35', 721, 43, 41, '108'),
(795, '23.06.21', '9.45-11.20', 721, 47, 59, '309'),
(796, '25.06.21', '9.45-11.20', 721, 26, 42, '310'),
(797, '25.06.21', '8.00-9-35', 721, 31, 48, '309'),
(798, '24.06.21', '9.45-11.20', 721, 31, 48, '309'),
(799, '24.06.21', '8.00-9-35', 721, 47, 59, '309'),
(800, '26.06.21', '8.00-9-35', 721, 29, 46, '209'),
(801, '26.06.21', '9.45-11.20', 721, 29, 46, '209'),
(802, '14.06.21', '8.00-9-35', 611, 40, 55, '106'),
(803, '15.06.21', '9.45-11.20', 611, 25, 41, '100'),
(804, '15.06.21', '8.00-9-35', 611, 40, 55, '106'),
(805, '14.06.21', '9.45-11.20', 611, 42, 61, '202'),
(806, '16.06.21', '8.00-9-35', 611, 32, 60, '103'),
(807, '16.06.21', '9.45-11.20', 611, 34, 50, '107'),
(808, '17.06.21', '9.45-11.20', 611, 34, 50, '107'),
(809, '18.06.21', '9.45-11.20', 611, 36, 52, '308'),
(810, '17.06.21', '8.00-9-35', 611, 36, 52, '308'),
(811, '18.06.21', '8.00-9-35', 611, 43, 41, '108'),
(812, '19.06.21', '8.00-9-35', 611, 42, 61, '202'),
(813, '14.06.21', '9.45-11.20', 711, 32, 60, '103'),
(814, '14.06.21', '8.00-9-35', 711, 33, 49, '206'),
(815, '19.06.21', '9.45-11.20', 611, 34, 50, '107'),
(816, '16.06.21', '8.00-9-35', 711, 25, 41, '100'),
(817, '15.06.21', '8.00-9-35', 711, 44, 57, '207'),
(818, '15.06.21', '9.45-11.20', 711, 37, 53, '105'),
(819, '17.06.21', '9.45-11.20', 711, 33, 49, '206'),
(820, '16.06.21', '9.45-11.20', 711, 37, 53, '105'),
(821, '17.06.21', '8.00-9-35', 711, 40, 55, '106'),
(822, '18.06.21', '8.00-9-35', 711, 37, 53, '105'),
(823, '18.06.21', '9.45-11.20', 711, 40, 55, '106'),
(824, '19.06.21', '8.00-9-35', 711, 32, 60, '103'),
(825, '19.06.21', '9.45-11.20', 711, 44, 57, '207'),
(826, '14.06.21', '9.45-11.20', 721, 47, 59, '309'),
(827, '14.06.21', '8.00-9-35', 721, 32, 60, '103'),
(828, '15.06.21', '9.45-11.20', 721, 30, 47, '204'),
(829, '16.06.21', '8.00-9-35', 721, 31, 48, '309'),
(830, '17.06.21', '8.00-9-35', 721, 43, 41, '108'),
(831, '16.06.21', '9.45-11.20', 721, 30, 47, '204'),
(832, '15.06.21', '8.00-9-35', 721, 29, 46, '209'),
(833, '17.06.21', '9.45-11.20', 721, 30, 47, '204'),
(834, '19.06.21', '8.00-9-35', 721, 28, 45, '303'),
(835, '19.06.21', '9.45-11.20', 721, 30, 47, '204'),
(836, '14.06.21', '9.45-11.20', 611, 43, 41, '108'),
(837, '14.06.21', '8.00-9-35', 611, 35, 51, '208'),
(838, '15.06.21', '9.45-11.20', 611, 40, 55, '106'),
(839, '15.06.21', '8.00-9-35', 611, 40, 55, '106'),
(840, '17.06.21', '9.45-11.20', 611, 42, 61, '202'),
(841, '18.06.21', '9.45-11.20', 611, 32, 60, '103'),
(842, '18.06.21', '8.00-9-35', 611, 25, 41, '100'),
(843, '19.06.21', '8.00-9-35', 611, 36, 52, '308'),
(844, '19.06.21', '9.45-11.20', 611, 34, 50, '107'),
(845, '14.06.21', '8.00-9-35', 711, 40, 55, '106'),
(846, '14.06.21', '9.45-11.20', 711, 44, 57, '207'),
(847, '15.06.21', '8.00-9-35', 711, 33, 49, '206'),
(848, '15.06.21', '9.45-11.20', 711, 44, 57, '207'),
(849, '16.06.21', '8.00-9-35', 711, 42, 61, '202'),
(850, '16.06.21', '9.45-11.20', 711, 44, 57, '207'),
(851, '18.06.21', '8.00-9-35', 711, 34, 50, '107'),
(852, '17.06.21', '9.45-11.20', 711, 44, 57, '207'),
(853, '17.06.21', '8.00-9-35', 711, 34, 50, '107'),
(854, '18.06.21', '9.45-11.20', 711, 25, 41, '100'),
(855, '19.06.21', '8.00-9-35', 711, 44, 57, '207'),
(856, '14.06.21', '8.00-9-35', 721, 32, 60, '103'),
(857, '15.06.21', '8.00-9-35', 721, 30, 47, '204'),
(858, '19.06.21', '9.45-11.20', 711, 44, 57, '207'),
(859, '14.06.21', '9.45-11.20', 721, 47, 59, '309'),
(860, '15.06.21', '9.45-11.20', 721, 34, 50, '107'),
(861, '16.06.21', '8.00-9-35', 721, 32, 60, '103'),
(862, '17.06.21', '8.00-9-35', 721, 31, 48, '309'),
(863, '17.06.21', '9.45-11.20', 721, 32, 60, '103'),
(864, '18.06.21', '9.45-11.20', 721, 28, 45, '303'),
(865, '19.06.21', '8.00-9-35', 721, 29, 46, '209'),
(866, '18.06.21', '8.00-9-35', 721, 34, 50, '107'),
(867, '19.06.21', '9.45-11.20', 721, 26, 42, '310'),
(868, '17.06.21', '8.00-9-35', 611, 35, 51, '208'),
(869, '16.06.21', '9.45-11.20', 721, 32, 60, '103'),
(870, '07.06.21', '9.45-11.20', 611, 32, 60, '103'),
(871, '07.06.21', '8.00-9-35', 611, 35, 51, '208'),
(872, '08.06.21', '9.45-11.20', 611, 25, 41, '100'),
(873, '08.06.21', '8.00-9-35', 611, 34, 50, '107'),
(874, '09.06.21', '8.00-9-35', 611, 32, 60, '103'),
(875, '07.06.21', '8.00-9-35', 711, 37, 53, '105'),
(876, '11.06.21', '8.00-9-35', 611, 32, 60, '103'),
(877, '09.06.21', '9.45-11.20', 611, 42, 61, '202'),
(878, '07.06.21', '9.45-11.20', 711, 40, 55, '106'),
(879, '08.06.21', '9.45-11.20', 711, 40, 55, '106'),
(880, '09.06.21', '8.00-9-35', 711, 37, 53, '105'),
(881, '08.06.21', '8.00-9-35', 711, 34, 50, '107'),
(882, '10.06.21', '8.00-9-35', 711, 37, 53, '105'),
(883, '09.06.21', '9.45-11.20', 711, 42, 61, '202'),
(884, '11.06.21', '8.00-9-35', 711, 25, 41, '100'),
(885, '10.06.21', '9.45-11.20', 711, 42, 61, '202'),
(886, '11.06.21', '9.45-11.20', 711, 37, 53, '105'),
(887, '07.06.21', '8.00-9-35', 721, 32, 60, '103'),
(888, '07.06.21', '9.45-11.20', 721, 31, 48, '309'),
(889, '12.06.21', '8.00-9-35', 711, 32, 60, '103'),
(890, '09.06.21', '8.00-9-35', 721, 28, 45, '303'),
(891, '08.06.21', '9.45-11.20', 721, 28, 45, '303'),
(892, '09.06.21', '9.45-11.20', 721, 34, 50, '107'),
(893, '10.06.21', '8.00-9-35', 721, 29, 46, '209'),
(894, '10.06.21', '9.45-11.20', 721, 32, 60, '103'),
(895, '11.06.21', '8.00-9-35', 721, 34, 50, '107'),
(896, '12.06.21', '9.45-11.20', 721, 42, 61, '202'),
(897, '08.06.21', '8.00-9-35', 721, 32, 60, '103'),
(898, '12.06.21', '8.00-9-35', 721, 32, 60, '103'),
(899, '11.06.21', '9.45-11.20', 721, 32, 60, '103'),
(900, '28.06.21', '8.00-9-35', 611, 34, 50, '107'),
(901, '29.06.21', '8.00-9-35', 611, 34, 50, '107'),
(902, '28.06.21', '9.45-11.20', 611, 37, 53, '105'),
(903, '30.06.21', '9.45-11.20', 611, 42, 61, '202'),
(904, '01.07.21', '8.00-9-35', 611, 34, 50, '107'),
(905, '02.07.21', '8.00-9-35', 611, 40, 55, '106'),
(906, '03.07.21', '9.45-11.20', 611, 42, 61, '202'),
(907, '02.07.21', '9.45-11.20', 611, 34, 50, '107'),
(908, '03.07.21', '8.00-9-35', 611, 34, 50, '107'),
(909, '28.06.21', '8.00-9-35', 711, 34, 50, '107'),
(910, '28.06.21', '9.45-11.20', 711, 37, 53, '105'),
(911, '29.06.21', '9.45-11.20', 711, 44, 57, '207'),
(912, '30.06.21', '8.00-9-35', 711, 33, 49, '206'),
(913, '29.06.21', '8.00-9-35', 711, 34, 50, '107'),
(914, '30.06.21', '9.45-11.20', 711, 44, 57, '207'),
(915, '01.07.21', '8.00-9-35', 711, 40, 55, '106'),
(916, '02.07.21', '8.00-9-35', 711, 25, 41, '100'),
(917, '01.07.21', '9.45-11.20', 711, 33, 49, '206'),
(918, '03.07.21', '8.00-9-35', 711, 32, 60, '103'),
(919, '02.07.21', '9.45-11.20', 711, 37, 53, '105'),
(920, '03.07.21', '9.45-11.20', 711, 25, 41, '100'),
(921, '28.06.21', '8.00-9-35', 721, 32, 60, '103'),
(922, '28.06.21', '9.45-11.20', 721, 30, 47, '204'),
(923, '29.06.21', '8.00-9-35', 721, 34, 50, '107'),
(924, '30.06.21', '8.00-9-35', 721, 34, 50, '107'),
(925, '29.06.21', '9.45-11.20', 721, 28, 45, '303'),
(926, '03.07.21', '8.00-9-35', 721, 43, 41, '108'),
(927, '02.07.21', '8.00-9-35', 721, 29, 46, '209'),
(928, '30.06.21', '9.45-11.20', 721, 31, 48, '309'),
(929, '01.07.21', '9.45-11.20', 721, 30, 47, '204'),
(930, '28.06.21', '9.45-11.20', 611, 37, 53, '105'),
(931, '30.06.21', '8.00-9-35', 611, 34, 50, '107'),
(932, '29.06.21', '8.00-9-35', 611, 34, 50, '107'),
(933, '30.06.21', '9.45-11.20', 611, 42, 61, '202'),
(934, '01.07.21', '8.00-9-35', 611, 34, 50, '107'),
(935, '02.07.21', '8.00-9-35', 611, 40, 55, '106'),
(936, '30.06.21', '8.00-9-35', 611, 34, 50, '107'),
(937, '02.07.21', '9.45-11.20', 611, 34, 50, '107'),
(938, '03.07.21', '8.00-9-35', 611, 34, 50, '107'),
(939, '03.07.21', '9.45-11.20', 611, 42, 61, '202'),
(940, '28.06.21', '8.00-9-35', 711, 34, 50, '107'),
(941, '29.06.21', '8.00-9-35', 711, 34, 50, '107'),
(942, '28.06.21', '9.45-11.20', 711, 37, 53, '105'),
(943, '29.06.21', '9.45-11.20', 711, 44, 57, '207'),
(944, '30.06.21', '8.00-9-35', 711, 33, 49, '206'),
(945, '30.06.21', '9.45-11.20', 711, 44, 57, '207'),
(946, '01.07.21', '8.00-9-35', 711, 40, 55, '106'),
(947, '01.07.21', '9.45-11.20', 711, 33, 49, '206'),
(948, '02.07.21', '8.00-9-35', 711, 25, 41, '100'),
(949, '03.07.21', '8.00-9-35', 711, 32, 60, '103'),
(950, '02.07.21', '9.45-11.20', 711, 37, 53, '105'),
(951, '03.07.21', '9.45-11.20', 711, 25, 41, '100'),
(952, '28.06.21', '9.45-11.20', 721, 30, 47, '204'),
(953, '28.06.21', '8.00-9-35', 721, 32, 60, '103'),
(954, '29.06.21', '9.45-11.20', 721, 28, 45, '303'),
(955, '29.06.21', '8.00-9-35', 721, 34, 50, '107'),
(956, '01.07.21', '8.00-9-35', 721, 30, 47, '204'),
(957, '30.06.21', '9.45-11.20', 721, 31, 48, '309'),
(958, '01.07.21', '9.45-11.20', 721, 30, 47, '204'),
(959, '01.07.21', '8.00-9-35', 721, 30, 47, '204'),
(960, '30.06.21', '8.00-9-35', 721, 34, 50, '107'),
(961, '02.07.21', '8.00-9-35', 721, 29, 46, '209'),
(962, '28.06.21', '8.00-9-35', 611, 34, 50, '107'),
(963, '03.07.21', '8.00-9-35', 721, 43, 41, '108');

-- --------------------------------------------------------

--
-- Структура таблицы `types_lection`
--

CREATE TABLE IF NOT EXISTS `types_lection` (
  `vid` varchar(40) NOT NULL,
  PRIMARY KEY (`vid`)
) ENGINE=InnoDB DEFAULT CHARSET=utf8;

--
-- Дамп данных таблицы `types_lection`
--

INSERT INTO `types_lection` (`vid`) VALUES
('Лекция'),
('ЛПЗ');

-- --------------------------------------------------------

--
-- Структура таблицы `users`
--

CREATE TABLE IF NOT EXISTS `users` (
  `ID` int(11) NOT NULL AUTO_INCREMENT,
  `userlog` varchar(60) NOT NULL,
  `pass` text NOT NULL,
  PRIMARY KEY (`ID`)
) ENGINE=InnoDB  DEFAULT CHARSET=utf8 AUTO_INCREMENT=5 ;

--
-- Дамп данных таблицы `users`
--

INSERT INTO `users` (`ID`, `userlog`, `pass`) VALUES
(4, 'spec', '202cb962ac59075b964b07152d234b70');

--
-- Ограничения внешнего ключа сохраненных таблиц
--

--
-- Ограничения внешнего ключа таблицы `fixed_kabinet`
--
ALTER TABLE `fixed_kabinet`
  ADD CONSTRAINT `fixed_kabinet_ibfk_1` FOREIGN KEY (`kabinet`) REFERENCES `kabinet` (`ID`) ON DELETE CASCADE ON UPDATE CASCADE,
  ADD CONSTRAINT `fixed_kabinet_ibfk_2` FOREIGN KEY (`predmet`) REFERENCES `predmet` (`ID`) ON DELETE CASCADE ON UPDATE CASCADE;

--
-- Ограничения внешнего ключа таблицы `fixed_predmet`
--
ALTER TABLE `fixed_predmet`
  ADD CONSTRAINT `fixed_predmet_ibfk_1` FOREIGN KEY (`predmet`) REFERENCES `predmet` (`ID`) ON DELETE CASCADE ON UPDATE CASCADE,
  ADD CONSTRAINT `fixed_predmet_ibfk_2` FOREIGN KEY (`prepod`) REFERENCES `prepod` (`ID`) ON DELETE CASCADE ON UPDATE CASCADE;

--
-- Ограничения внешнего ключа таблицы `plan`
--
ALTER TABLE `plan`
  ADD CONSTRAINT `plan_ibfk_1` FOREIGN KEY (`predmet`) REFERENCES `predmet` (`ID`) ON DELETE CASCADE ON UPDATE CASCADE,
  ADD CONSTRAINT `plan_ibfk_2` FOREIGN KEY (`groups`) REFERENCES `groups` (`ID`);

--
-- Ограничения внешнего ключа таблицы `priority`
--
ALTER TABLE `priority`
  ADD CONSTRAINT `priority_ibfk_1` FOREIGN KEY (`prepod`) REFERENCES `prepod` (`ID`) ON DELETE CASCADE ON UPDATE CASCADE,
  ADD CONSTRAINT `priority_ibfk_2` FOREIGN KEY (`num_group`) REFERENCES `groups` (`ID`) ON DELETE CASCADE ON UPDATE CASCADE,
  ADD CONSTRAINT `priority_ibfk_3` FOREIGN KEY (`predmet`) REFERENCES `predmet` (`ID`) ON DELETE CASCADE ON UPDATE CASCADE;

--
-- Ограничения внешнего ключа таблицы `tabel`
--
ALTER TABLE `tabel`
  ADD CONSTRAINT `tabel_ibfk_1` FOREIGN KEY (`groups`) REFERENCES `groups` (`ID`),
  ADD CONSTRAINT `tabel_ibfk_2` FOREIGN KEY (`predmet`) REFERENCES `predmet` (`ID`),
  ADD CONSTRAINT `tabel_ibfk_3` FOREIGN KEY (`kabinet`) REFERENCES `kabinet` (`ID`),
  ADD CONSTRAINT `tabel_ibfk_4` FOREIGN KEY (`prepod`) REFERENCES `prepod` (`ID`);

/*!40101 SET CHARACTER_SET_CLIENT=@OLD_CHARACTER_SET_CLIENT */;
/*!40101 SET CHARACTER_SET_RESULTS=@OLD_CHARACTER_SET_RESULTS */;
/*!40101 SET COLLATION_CONNECTION=@OLD_COLLATION_CONNECTION */;
